number,value,datetime_start,datetime_complete,duration,params_batch_size,params_d_model,params_dim_ff,params_dropout,params_lr,params_nhead,params_num_layers,params_weight_decay,state
0,3338.85719890625,2026-01-23 16:18:58.013986,2026-01-23 16:22:18.437686,0 days 00:03:20.423700,1024,256,256,0.3,0.01,4,4,0.0001,COMPLETE
1,2579.651528203125,2026-01-23 16:22:18.438918,2026-01-23 16:27:38.234203,0 days 00:05:19.795285,512,256,512,0.3,0.01,8,8,0.0,COMPLETE
2,0.3040262107563019,2026-01-23 16:27:38.235348,2026-01-23 16:33:06.346715,0 days 00:05:28.111367,512,256,512,0.3,0.001,8,8,0.01,COMPLETE
3,0.3222878604316711,2026-01-23 16:33:06.347829,2026-01-23 16:37:30.731155,0 days 00:04:24.383326,256,256,256,0.2,0.0005,8,4,0.0001,COMPLETE
4,0.3027153375339508,2026-01-23 16:37:30.732288,2026-01-23 16:41:23.014451,0 days 00:03:52.282163,512,128,512,0.1,0.001,8,8,0.001,COMPLETE
5,0.7443141136169433,2026-01-23 16:41:23.015589,2026-01-23 16:44:33.780981,0 days 00:03:10.765392,1024,128,512,0.3,0.01,4,6,0.001,COMPLETE
6,0.31567830133438113,2026-01-23 16:44:33.781871,2026-01-23 16:49:56.154633,0 days 00:05:22.372762,256,256,256,0.2,0.0005,4,6,0.01,COMPLETE
7,1.003430066947937,2026-01-23 16:49:56.155462,2026-01-23 16:53:16.739711,0 days 00:03:20.584249,512,128,512,0.3,0.01,8,6,0.0001,COMPLETE
8,4161.37303859375,2026-01-23 16:53:16.740942,2026-01-23 16:56:38.877847,0 days 00:03:22.136905,512,128,256,0.2,0.01,4,8,0.0,COMPLETE
9,0.31040629640579226,2026-01-23 16:56:38.878956,2026-01-23 16:59:58.833232,0 days 00:03:19.954276,512,128,512,0.1,0.001,4,6,0.0,COMPLETE
10,0.287558358335495,2026-01-23 16:59:58.834198,2026-01-23 17:05:46.795953,0 days 00:05:47.961755,256,128,512,0.1,0.001,8,8,0.001,COMPLETE
11,0.28916286472320557,2026-01-23 17:05:46.797060,2026-01-23 17:11:34.452378,0 days 00:05:47.655318,256,128,512,0.1,0.001,8,8,0.001,COMPLETE
12,0.2865742535686493,2026-01-23 17:11:34.453387,2026-01-23 17:17:19.678675,0 days 00:05:45.225288,256,128,512,0.1,0.001,8,8,0.001,COMPLETE
13,0.2854568631267548,2026-01-23 17:17:19.679820,2026-01-23 17:22:58.669987,0 days 00:05:38.990167,256,128,512,0.1,0.001,8,8,0.001,COMPLETE
14,0.288841258764267,2026-01-23 17:22:58.671105,2026-01-23 17:28:46.881981,0 days 00:05:48.210876,256,128,512,0.1,0.001,8,8,0.001,COMPLETE
15,0.28493096364974974,2026-01-23 17:28:46.882870,2026-01-23 17:34:24.479089,0 days 00:05:37.596219,256,128,512,0.1,0.001,8,8,0.001,COMPLETE
16,0.3003718691921234,2026-01-23 17:34:24.480294,2026-01-23 17:38:47.337723,0 days 00:04:22.857429,256,128,512,0.1,0.001,8,4,0.001,COMPLETE
17,0.3098839983654022,2026-01-23 17:38:47.338669,2026-01-23 17:44:19.912146,0 days 00:05:32.573477,256,128,512,0.1,0.0005,8,8,0.001,COMPLETE
18,0.3451733724975586,2026-01-23 17:44:19.913067,2026-01-23 17:47:58.905107,0 days 00:03:38.992040,1024,128,256,0.1,0.001,8,8,0.01,COMPLETE
19,0.30515283701896667,2026-01-23 17:47:58.906015,2026-01-23 17:52:12.546017,0 days 00:04:13.640002,256,128,512,0.1,0.001,8,4,0.001,COMPLETE
20,0.32211674691200254,2026-01-23 17:52:12.546935,2026-01-23 17:57:47.078525,0 days 00:05:34.531590,256,128,512,0.2,0.0005,8,8,0.001,COMPLETE
21,0.28552459495544436,2026-01-23 17:57:47.079494,2026-01-23 18:03:21.932181,0 days 00:05:34.852687,256,128,512,0.1,0.001,8,8,0.001,COMPLETE
22,0.28403425201416016,2026-01-23 18:03:21.933105,2026-01-23 18:09:10.049458,0 days 00:05:48.116353,256,128,512,0.1,0.001,8,8,0.001,COMPLETE
23,0.2847767317485809,2026-01-23 18:09:10.050711,2026-01-23 18:14:57.243121,0 days 00:05:47.192410,256,128,512,0.1,0.001,8,8,0.001,COMPLETE
24,0.28488013842582705,2026-01-23 18:14:57.244039,2026-01-23 18:20:39.839395,0 days 00:05:42.595356,256,128,512,0.1,0.001,8,8,0.001,COMPLETE
25,0.330618331861496,2026-01-23 18:20:39.840326,2026-01-23 18:24:50.416560,0 days 00:04:10.576234,1024,128,512,0.1,0.001,8,8,0.001,COMPLETE
26,0.28696127366065977,2026-01-23 18:24:50.417431,2026-01-23 18:30:50.049428,0 days 00:05:59.631997,256,256,256,0.1,0.001,4,8,0.01,COMPLETE
27,0.2882855934429169,2026-01-23 18:30:50.050405,2026-01-23 18:36:28.711140,0 days 00:05:38.660735,256,128,512,0.1,0.001,8,8,0.0,COMPLETE
28,0.3322826699066162,2026-01-23 18:36:28.712093,2026-01-23 18:41:46.394133,0 days 00:05:17.682040,256,128,512,0.2,0.0005,8,6,0.0001,COMPLETE
29,0.3330389787387848,2026-01-23 18:41:46.395043,2026-01-23 18:45:22.600717,0 days 00:03:36.205674,1024,256,256,0.1,0.001,4,4,0.0001,COMPLETE
30,0.4241003706455231,2026-01-23 18:45:22.601572,2026-01-23 18:49:53.022717,0 days 00:04:30.421145,256,128,512,0.3,0.01,8,4,0.001,COMPLETE
31,0.2862208934020996,2026-01-23 18:49:53.023582,2026-01-23 18:55:41.455700,0 days 00:05:48.432118,256,128,512,0.1,0.001,8,8,0.001,COMPLETE
32,0.28449926440238954,2026-01-23 18:55:41.456619,2026-01-23 19:01:23.006491,0 days 00:05:41.549872,256,128,512,0.1,0.001,8,8,0.001,COMPLETE
33,0.28880085357666013,2026-01-23 19:01:23.007364,2026-01-23 19:07:09.115013,0 days 00:05:46.107649,256,128,512,0.1,0.001,8,8,0.001,COMPLETE
34,0.27325553100585936,2026-01-23 19:07:09.116006,2026-01-23 19:13:25.740362,0 days 00:06:16.624356,256,256,512,0.1,0.001,8,8,0.001,COMPLETE
35,0.2938551782989502,2026-01-23 19:13:25.741824,2026-01-23 19:19:22.217684,0 days 00:05:56.475860,256,256,512,0.3,0.001,8,8,0.0,COMPLETE
36,10739.9664971875,2026-01-23 19:19:22.218483,2026-01-23 19:25:01.621114,0 days 00:05:39.402631,1024,256,512,0.1,0.01,8,8,0.001,COMPLETE
37,0.3166375829601288,2026-01-23 19:25:01.622036,2026-01-23 19:30:08.801838,0 days 00:05:07.179802,512,256,256,0.3,0.001,8,8,0.01,COMPLETE
38,0.3066891306018829,2026-01-23 19:30:08.802824,2026-01-23 19:35:51.371165,0 days 00:05:42.568341,256,256,512,0.2,0.0005,4,6,0.0001,COMPLETE
39,0.2730231980609894,2026-01-23 19:35:51.372461,2026-01-23 19:41:47.112950,0 days 00:05:55.740489,256,256,512,0.1,0.001,8,8,0.001,COMPLETE
40,3378.31145328125,2026-01-23 19:41:47.114117,2026-01-23 19:45:04.834231,0 days 00:03:17.720114,512,256,256,0.1,0.01,8,4,0.001,COMPLETE
41,0.2740689706611633,2026-01-23 19:45:04.835256,2026-01-23 19:50:38.053513,0 days 00:05:33.218257,256,256,512,0.1,0.001,8,8,0.001,COMPLETE
42,0.2735599367618561,2026-01-23 19:50:38.054524,2026-01-23 19:56:24.196225,0 days 00:05:46.141701,256,256,512,0.1,0.001,8,8,0.001,COMPLETE
43,0.27340313296318053,2026-01-23 19:56:24.197272,2026-01-23 20:02:12.436102,0 days 00:05:48.238830,256,256,512,0.1,0.001,8,8,0.001,COMPLETE
44,0.27405869233608243,2026-01-23 20:02:12.437073,2026-01-23 20:07:45.226818,0 days 00:05:32.789745,256,256,512,0.1,0.001,8,8,0.001,COMPLETE
45,0.31009924153327945,2026-01-23 20:07:45.227686,2026-01-23 20:12:59.729268,0 days 00:05:14.501582,256,256,512,0.3,0.001,4,6,0.0,COMPLETE
46,0.2813982988357544,2026-01-23 20:12:59.730089,2026-01-23 20:18:28.265358,0 days 00:05:28.535269,512,256,512,0.1,0.001,8,8,0.001,COMPLETE
47,0.28396249896049497,2026-01-23 20:18:28.266279,2026-01-23 20:24:27.389935,0 days 00:05:59.123656,256,256,512,0.2,0.001,8,8,0.01,COMPLETE
48,2628.530434921875,2026-01-23 20:24:27.390808,2026-01-23 20:30:00.474266,0 days 00:05:33.083458,1024,256,512,0.1,0.01,8,8,0.001,COMPLETE
49,0.2763290229511261,2026-01-23 20:30:00.475257,2026-01-23 20:35:44.817054,0 days 00:05:44.341797,256,256,512,0.1,0.001,4,8,0.0001,COMPLETE
50,0.293491708650589,2026-01-23 20:35:44.817921,2026-01-23 20:40:52.480244,0 days 00:05:07.662323,256,256,512,0.1,0.0005,8,6,0.001,COMPLETE
51,0.2728283889865875,2026-01-23 20:40:52.481104,2026-01-23 20:46:53.628764,0 days 00:06:01.147660,256,256,512,0.1,0.001,8,8,0.001,COMPLETE
52,0.2742202830505371,2026-01-23 20:46:53.630006,2026-01-23 20:52:33.937918,0 days 00:05:40.307912,256,256,512,0.1,0.001,8,8,0.001,COMPLETE
53,0.2742818210697174,2026-01-23 20:52:33.938770,2026-01-23 20:58:33.136446,0 days 00:05:59.197676,256,256,512,0.1,0.001,8,8,0.001,COMPLETE
54,0.27210297347068785,2026-01-23 20:58:33.137291,2026-01-23 21:04:30.462497,0 days 00:05:57.325206,256,256,512,0.1,0.001,8,8,0.001,COMPLETE
55,0.2752920312690735,2026-01-23 21:04:30.463608,2026-01-23 21:10:23.192247,0 days 00:05:52.728639,256,256,512,0.1,0.001,8,8,0.001,COMPLETE
56,0.27400348813056946,2026-01-23 21:10:23.193453,2026-01-23 21:16:14.534912,0 days 00:05:51.341459,256,256,512,0.1,0.001,8,8,0.001,COMPLETE
57,0.2877562395954132,2026-01-23 21:16:14.535791,2026-01-23 21:21:21.612742,0 days 00:05:07.076951,512,256,256,0.1,0.001,8,8,0.001,COMPLETE
58,0.2819349999523163,2026-01-23 21:21:21.613718,2026-01-23 21:27:01.121799,0 days 00:05:39.508081,256,256,512,0.2,0.001,8,8,0.0,COMPLETE
59,0.28793972449302674,2026-01-23 21:27:01.122636,2026-01-23 21:31:23.850839,0 days 00:04:22.728203,256,256,512,0.1,0.001,8,4,0.001,COMPLETE
60,0.27250498970508574,2026-01-23 21:31:23.851784,2026-01-23 21:37:18.258055,0 days 00:05:54.406271,256,256,512,0.1,0.001,8,8,0.001,COMPLETE
61,0.273285220451355,2026-01-23 21:37:18.259156,2026-01-23 21:43:08.906440,0 days 00:05:50.647284,256,256,512,0.1,0.001,8,8,0.001,COMPLETE
62,0.27363873329162597,2026-01-23 21:43:08.907402,2026-01-23 21:49:03.464075,0 days 00:05:54.556673,256,256,512,0.1,0.001,8,8,0.001,COMPLETE
63,0.2749223198223114,2026-01-23 21:49:03.465174,2026-01-23 21:54:53.920221,0 days 00:05:50.455047,256,256,512,0.1,0.001,8,8,0.001,COMPLETE
64,0.27401655693531035,2026-01-23 21:54:53.921249,2026-01-23 22:00:48.862666,0 days 00:05:54.941417,256,256,512,0.1,0.001,8,8,0.001,COMPLETE
65,0.2738493431854248,2026-01-23 22:00:48.863565,2026-01-23 22:06:39.166308,0 days 00:05:50.302743,256,256,512,0.1,0.001,8,8,0.001,COMPLETE
66,0.28484821299552915,2026-01-23 22:06:39.167282,2026-01-23 22:12:33.675106,0 days 00:05:54.507824,256,256,512,0.1,0.0005,8,8,0.01,COMPLETE
67,0.3230262239265442,2026-01-23 22:12:33.675998,2026-01-23 22:18:02.859002,0 days 00:05:29.183004,1024,256,512,0.3,0.001,4,8,0.001,COMPLETE
68,0.2813143269538879,2026-01-23 22:18:02.859930,2026-01-23 22:23:51.403172,0 days 00:05:48.543242,256,256,256,0.1,0.001,8,8,0.001,COMPLETE
69,1715.118213828125,2026-01-23 22:23:51.404025,2026-01-23 22:29:05.999281,0 days 00:05:14.595256,256,256,512,0.1,0.01,8,6,0.001,COMPLETE
70,0.27476852424621584,2026-01-23 22:29:06.000182,2026-01-23 22:34:43.388734,0 days 00:05:37.388552,256,256,512,0.1,0.001,8,8,0.0001,COMPLETE
71,0.2720187387037277,2026-01-23 22:34:43.389863,2026-01-23 22:40:32.580942,0 days 00:05:49.191079,256,256,512,0.1,0.001,8,8,0.001,COMPLETE
72,0.27682482341766357,2026-01-23 22:40:32.582265,2026-01-23 22:46:24.114707,0 days 00:05:51.532442,256,256,512,0.1,0.001,8,8,0.001,COMPLETE
73,0.27358347214221956,2026-01-23 22:46:24.115578,2026-01-23 22:52:15.475478,0 days 00:05:51.359900,256,256,512,0.1,0.001,8,8,0.001,COMPLETE
74,0.273653850402832,2026-01-23 22:52:15.476519,2026-01-23 22:58:00.896267,0 days 00:05:45.419748,256,256,512,0.1,0.001,8,8,0.001,COMPLETE
75,0.28658188524246214,2026-01-23 22:58:00.897147,2026-01-23 23:02:40.317027,0 days 00:04:39.419880,256,256,512,0.1,0.001,8,4,0.001,COMPLETE
76,0.27307884919166564,2026-01-23 23:02:40.317965,2026-01-23 23:08:25.313038,0 days 00:05:44.995073,256,256,512,0.1,0.001,8,8,0.001,COMPLETE
77,0.2804723403167725,2026-01-23 23:08:25.314219,2026-01-23 23:14:12.947572,0 days 00:05:47.633353,256,256,512,0.2,0.001,8,8,0.0,COMPLETE
78,0.303788364610672,2026-01-23 23:14:12.948626,2026-01-23 23:19:41.197721,0 days 00:05:28.249095,512,256,512,0.1,0.0005,8,8,0.001,COMPLETE
79,0.3373411867427826,2026-01-23 23:19:41.198656,2026-01-23 23:24:52.462741,0 days 00:05:11.264085,1024,256,256,0.3,0.001,4,8,0.001,COMPLETE
80,0.27221354362487793,2026-01-23 23:24:52.463653,2026-01-23 23:30:46.634494,0 days 00:05:54.170841,256,256,512,0.1,0.001,8,8,0.01,COMPLETE
81,0.2719693317985535,2026-01-23 23:30:46.635393,2026-01-23 23:36:41.721928,0 days 00:05:55.086535,256,256,512,0.1,0.001,8,8,0.01,COMPLETE
82,0.27527391194343565,2026-01-23 23:36:41.723054,2026-01-23 23:42:33.861069,0 days 00:05:52.138015,256,256,512,0.1,0.001,8,8,0.01,COMPLETE
83,0.27400202628135684,2026-01-23 23:42:33.861905,2026-01-23 23:48:33.228428,0 days 00:05:59.366523,256,256,512,0.1,0.001,8,8,0.01,COMPLETE
84,0.2722872949743271,2026-01-23 23:48:33.229326,2026-01-23 23:54:29.252465,0 days 00:05:56.023139,256,256,512,0.1,0.001,8,8,0.01,COMPLETE
85,0.27165611025810243,2026-01-23 23:54:29.253291,2026-01-24 00:00:18.832798,0 days 00:05:49.579507,256,256,512,0.1,0.001,8,8,0.01,COMPLETE
86,2205.238450859375,2026-01-24 00:00:18.833908,2026-01-24 00:05:45.738770,0 days 00:05:26.904862,256,256,512,0.1,0.01,8,8,0.01,COMPLETE
87,0.27256124766349793,2026-01-24 00:05:45.739734,2026-01-24 00:11:41.826153,0 days 00:05:56.086419,256,256,512,0.1,0.001,8,8,0.01,COMPLETE
88,0.27937988380432127,2026-01-24 00:11:41.827369,2026-01-24 00:16:51.465265,0 days 00:05:09.637896,256,256,512,0.1,0.001,8,6,0.01,COMPLETE
89,0.27524857575416567,2026-01-24 00:16:51.466402,2026-01-24 00:22:49.810120,0 days 00:05:58.343718,256,256,512,0.1,0.001,8,8,0.01,COMPLETE
90,0.2875711053657532,2026-01-24 00:22:49.811053,2026-01-24 00:27:05.928134,0 days 00:04:16.117081,256,256,512,0.1,0.001,8,4,0.01,COMPLETE
91,0.273819073214531,2026-01-24 00:27:05.929049,2026-01-24 00:33:00.631461,0 days 00:05:54.702412,256,256,512,0.1,0.001,8,8,0.01,COMPLETE
92,0.27303205360412597,2026-01-24 00:33:00.632427,2026-01-24 00:38:46.306297,0 days 00:05:45.673870,256,256,512,0.1,0.001,8,8,0.01,COMPLETE
93,0.2744300809764862,2026-01-24 00:38:46.307208,2026-01-24 00:44:43.323472,0 days 00:05:57.016264,256,256,512,0.1,0.001,8,8,0.01,COMPLETE
94,0.27547129804611203,2026-01-24 00:44:43.324351,2026-01-24 00:50:35.269802,0 days 00:05:51.945451,256,256,512,0.1,0.001,8,8,0.01,COMPLETE
95,0.28493999841690065,2026-01-24 00:50:35.270757,2026-01-24 00:56:22.510481,0 days 00:05:47.239724,256,256,512,0.2,0.001,8,8,0.01,COMPLETE
96,0.2810866851520538,2026-01-24 00:56:22.511380,2026-01-24 01:01:49.692999,0 days 00:05:27.181619,512,256,512,0.1,0.001,8,8,0.01,COMPLETE
97,0.2789855971240997,2026-01-24 01:01:49.693962,2026-01-24 01:07:34.936404,0 days 00:05:45.242442,256,256,512,0.1,0.001,4,8,0.01,COMPLETE
98,0.3335371595478058,2026-01-24 01:07:34.937434,2026-01-24 01:12:54.296499,0 days 00:05:19.359065,1024,256,256,0.1,0.0005,8,8,0.01,COMPLETE
99,0.29631809146881105,2026-01-24 01:12:54.297471,2026-01-24 01:18:48.298872,0 days 00:05:54.001401,256,256,512,0.3,0.001,8,8,0.01,COMPLETE
100,0.27410259370803836,2026-01-24 01:18:48.299675,2026-01-24 01:24:40.927757,0 days 00:05:52.628082,256,256,512,0.1,0.001,8,8,0.01,COMPLETE
101,0.27435303144454953,2026-01-24 01:24:40.928703,2026-01-24 01:30:30.054961,0 days 00:05:49.126258,256,256,512,0.1,0.001,8,8,0.01,COMPLETE
102,0.2740134642314911,2026-01-24 01:30:30.055815,2026-01-24 01:36:15.098004,0 days 00:05:45.042189,256,256,512,0.1,0.001,8,8,0.01,COMPLETE
103,0.2736716474866867,2026-01-24 01:36:15.099170,2026-01-24 01:42:07.887407,0 days 00:05:52.788237,256,256,512,0.1,0.001,8,8,0.01,COMPLETE
104,0.27224354781150817,2026-01-24 01:42:07.888290,2026-01-24 01:47:50.899769,0 days 00:05:43.011479,256,256,512,0.1,0.001,8,8,0.01,COMPLETE
105,0.27320695830345154,2026-01-24 01:47:50.900693,2026-01-24 01:53:37.072298,0 days 00:05:46.171605,256,256,512,0.1,0.001,8,8,0.01,COMPLETE
106,1624.9537000390626,2026-01-24 01:53:37.073174,2026-01-24 01:59:12.974478,0 days 00:05:35.901304,256,256,512,0.1,0.01,8,8,0.01,COMPLETE
107,0.28013410624504087,2026-01-24 01:59:12.975332,2026-01-24 02:04:27.581581,0 days 00:05:14.606249,256,256,512,0.1,0.001,8,6,0.0001,COMPLETE
108,0.2753173784160614,2026-01-24 02:04:27.582397,2026-01-24 02:10:20.391031,0 days 00:05:52.808634,256,256,512,0.1,0.001,8,8,0.01,COMPLETE
109,0.2853009865283966,2026-01-24 02:10:20.391894,2026-01-24 02:14:36.984026,0 days 00:04:16.592132,256,256,512,0.1,0.001,8,4,0.0,COMPLETE
110,0.27520208330154416,2026-01-24 02:14:36.984879,2026-01-24 02:20:27.605719,0 days 00:05:50.620840,256,256,512,0.1,0.001,8,8,0.01,COMPLETE
111,0.2734710729694366,2026-01-24 02:20:27.606600,2026-01-24 02:26:09.565508,0 days 00:05:41.958908,256,256,512,0.1,0.001,8,8,0.01,COMPLETE
112,0.27404842757225034,2026-01-24 02:26:09.566563,2026-01-24 02:31:52.259418,0 days 00:05:42.692855,256,256,512,0.1,0.001,8,8,0.01,COMPLETE
113,0.27082585419178007,2026-01-24 02:31:52.260287,2026-01-24 02:37:47.800505,0 days 00:05:55.540218,256,256,512,0.1,0.001,8,8,0.01,COMPLETE
114,0.2738382005262375,2026-01-24 02:37:47.801676,2026-01-24 02:43:24.744510,0 days 00:05:36.942834,256,256,512,0.1,0.001,8,8,0.01,COMPLETE
115,0.27360573884010314,2026-01-24 02:43:24.745379,2026-01-24 02:49:10.983874,0 days 00:05:46.238495,256,256,512,0.1,0.001,8,8,0.01,COMPLETE
116,0.2952178906154633,2026-01-24 02:49:10.984751,2026-01-24 02:54:34.566026,0 days 00:05:23.581275,512,256,512,0.2,0.001,4,8,0.01,COMPLETE
117,0.279462262096405,2026-01-24 02:54:34.566998,2026-01-24 03:00:22.094449,0 days 00:05:47.527451,256,256,256,0.1,0.001,8,8,0.0001,COMPLETE
118,0.28610423005104063,2026-01-24 03:00:22.095503,2026-01-24 03:06:00.892950,0 days 00:05:38.797447,256,256,512,0.1,0.0005,8,8,0.01,COMPLETE
119,0.3192035577297211,2026-01-24 03:06:00.893815,2026-01-24 03:11:38.076784,0 days 00:05:37.182969,1024,256,512,0.3,0.001,8,8,0.01,COMPLETE
120,0.2750728777360916,2026-01-24 03:11:38.077702,2026-01-24 03:17:23.173850,0 days 00:05:45.096148,256,256,512,0.1,0.001,8,8,0.0,COMPLETE
121,0.2731918364095688,2026-01-24 03:17:23.174792,2026-01-24 03:23:07.723781,0 days 00:05:44.548989,256,256,512,0.1,0.001,8,8,0.01,COMPLETE
122,0.27303442222595214,2026-01-24 03:23:07.724662,2026-01-24 03:28:58.615941,0 days 00:05:50.891279,256,256,512,0.1,0.001,8,8,0.01,COMPLETE
123,0.27373439989089965,2026-01-24 03:28:58.616789,2026-01-24 03:34:52.366387,0 days 00:05:53.749598,256,256,512,0.1,0.001,8,8,0.01,COMPLETE
124,0.27361736732959746,2026-01-24 03:34:52.367236,2026-01-24 03:40:39.778391,0 days 00:05:47.411155,256,256,512,0.1,0.001,8,8,0.01,COMPLETE
125,0.27302828461647033,2026-01-24 03:40:39.779273,2026-01-24 03:46:24.714572,0 days 00:05:44.935299,256,256,512,0.1,0.001,8,8,0.01,COMPLETE
126,0.2743077454662323,2026-01-24 03:46:24.715547,2026-01-24 03:52:11.622030,0 days 00:05:46.906483,256,256,512,0.1,0.001,8,8,0.01,COMPLETE
127,0.27234441711425783,2026-01-24 03:52:11.622926,2026-01-24 03:58:00.381516,0 days 00:05:48.758590,256,256,512,0.1,0.001,8,8,0.001,COMPLETE
128,1684.9110809765625,2026-01-24 03:58:00.382362,2026-01-24 04:03:14.556315,0 days 00:05:14.173953,256,256,512,0.1,0.01,8,6,0.001,COMPLETE
129,0.2846597002410889,2026-01-24 04:03:14.557233,2026-01-24 04:09:00.783333,0 days 00:05:46.226100,256,128,512,0.1,0.001,8,8,0.001,COMPLETE
130,0.27417605723381044,2026-01-24 04:09:00.784323,2026-01-24 04:14:56.389739,0 days 00:05:55.605416,256,256,512,0.1,0.001,8,8,0.001,COMPLETE
131,0.27330126395702364,2026-01-24 04:14:56.390596,2026-01-24 04:20:44.992993,0 days 00:05:48.602397,256,256,512,0.1,0.001,8,8,0.001,COMPLETE
132,0.2730883655691147,2026-01-24 04:20:44.993867,2026-01-24 04:26:32.016673,0 days 00:05:47.022806,256,256,512,0.1,0.001,8,8,0.001,COMPLETE
133,0.27240928425312044,2026-01-24 04:26:32.017623,2026-01-24 04:32:15.776782,0 days 00:05:43.759159,256,256,512,0.1,0.001,8,8,0.01,COMPLETE
134,0.27339268971443176,2026-01-24 04:32:15.777691,2026-01-24 04:38:04.454760,0 days 00:05:48.677069,256,256,512,0.1,0.001,8,8,0.001,COMPLETE
135,0.2719583306884766,2026-01-24 04:38:04.455616,2026-01-24 04:43:51.463370,0 days 00:05:47.007754,256,256,512,0.1,0.001,8,8,0.01,COMPLETE
136,0.2733539434909821,2026-01-24 04:43:51.464320,2026-01-24 04:49:31.323269,0 days 00:05:39.858949,256,256,512,0.1,0.001,8,8,0.01,COMPLETE
137,0.2913603035736084,2026-01-24 04:49:31.324138,2026-01-24 04:54:02.970806,0 days 00:04:31.646668,256,256,512,0.1,0.001,4,4,0.01,COMPLETE
138,0.2926194147014618,2026-01-24 04:54:02.971710,2026-01-24 04:59:48.688470,0 days 00:05:45.716760,256,256,256,0.2,0.001,8,8,0.01,COMPLETE
139,0.2830268179035187,2026-01-24 04:59:48.689456,2026-01-24 05:05:15.603179,0 days 00:05:26.913723,512,256,512,0.1,0.001,8,8,0.01,COMPLETE
140,0.2724905103302002,2026-01-24 05:05:15.603995,2026-01-24 05:11:08.362171,0 days 00:05:52.758176,256,256,512,0.1,0.001,8,8,0.01,COMPLETE
141,0.27405164811134336,2026-01-24 05:11:08.363025,2026-01-24 05:16:54.123163,0 days 00:05:45.760138,256,256,512,0.1,0.001,8,8,0.01,COMPLETE
142,0.2716575425863266,2026-01-24 05:16:54.124033,2026-01-24 05:22:46.890514,0 days 00:05:52.766481,256,256,512,0.1,0.001,8,8,0.01,COMPLETE
143,0.27244130531311034,2026-01-24 05:22:46.891354,2026-01-24 05:28:36.228040,0 days 00:05:49.336686,256,256,512,0.1,0.001,8,8,0.01,COMPLETE
144,0.27505029301166534,2026-01-24 05:28:36.228906,2026-01-24 05:34:17.936463,0 days 00:05:41.707557,256,256,512,0.1,0.001,8,8,0.01,COMPLETE
145,0.272180952501297,2026-01-24 05:34:17.937318,2026-01-24 05:39:51.713765,0 days 00:05:33.776447,256,256,512,0.1,0.001,8,8,0.01,COMPLETE
146,0.2766912407207489,2026-01-24 05:39:51.714685,2026-01-24 05:45:35.781300,0 days 00:05:44.066615,256,256,512,0.1,0.001,8,8,0.01,COMPLETE
147,0.2873488696956635,2026-01-24 05:45:35.782164,2026-01-24 05:51:20.685104,0 days 00:05:44.902940,256,256,512,0.1,0.0005,8,8,0.01,COMPLETE
148,0.33122873378753664,2026-01-24 05:51:20.685951,2026-01-24 05:56:57.690090,0 days 00:05:37.004139,1024,256,512,0.3,0.001,8,8,0.01,COMPLETE
149,0.2876040981388092,2026-01-24 05:56:57.690946,2026-01-24 06:02:19.480595,0 days 00:05:21.789649,256,128,512,0.1,0.001,8,8,0.01,COMPLETE
150,0.2734463488817215,2026-01-24 06:02:19.481438,2026-01-24 06:08:09.430043,0 days 00:05:49.948605,256,256,512,0.1,0.001,8,8,0.01,COMPLETE
151,0.2722446848678589,2026-01-24 06:08:09.431065,2026-01-24 06:14:08.287433,0 days 00:05:58.856368,256,256,512,0.1,0.001,8,8,0.01,COMPLETE
152,0.2729746190738678,2026-01-24 06:14:08.288580,2026-01-24 06:20:00.274902,0 days 00:05:51.986322,256,256,512,0.1,0.001,8,8,0.01,COMPLETE
153,0.27259790351867674,2026-01-24 06:20:00.275862,2026-01-24 06:25:47.041272,0 days 00:05:46.765410,256,256,512,0.1,0.001,8,8,0.01,COMPLETE
154,0.27523109605789187,2026-01-24 06:25:47.042108,2026-01-24 06:31:26.100501,0 days 00:05:39.058393,256,256,512,0.1,0.001,8,8,0.01,COMPLETE
155,0.27265664634227754,2026-01-24 06:31:26.101582,2026-01-24 06:37:12.064593,0 days 00:05:45.963011,256,256,512,0.1,0.001,8,8,0.01,COMPLETE
156,0.27216633392810824,2026-01-24 06:37:12.065472,2026-01-24 06:42:44.916352,0 days 00:05:32.850880,256,256,512,0.1,0.001,8,8,0.01,COMPLETE
157,2906.19407734375,2026-01-24 06:42:44.917223,2026-01-24 06:48:11.129963,0 days 00:05:26.212740,256,256,512,0.1,0.01,8,8,0.01,COMPLETE
158,0.27843582178115844,2026-01-24 06:48:11.130796,2026-01-24 06:53:26.050895,0 days 00:05:14.920099,256,256,512,0.1,0.001,8,6,0.01,COMPLETE
159,0.2746783026409149,2026-01-24 06:53:26.051766,2026-01-24 06:59:06.354152,0 days 00:05:40.302386,256,256,512,0.1,0.001,8,8,0.01,COMPLETE
160,0.27434619486808776,2026-01-24 06:59:06.355017,2026-01-24 07:04:51.475573,0 days 00:05:45.120556,256,256,512,0.1,0.001,8,8,0.01,COMPLETE
161,0.27239794651985166,2026-01-24 07:04:51.476457,2026-01-24 07:10:33.696125,0 days 00:05:42.219668,256,256,512,0.1,0.001,8,8,0.01,COMPLETE
162,0.27387234238147734,2026-01-24 07:10:33.696979,2026-01-24 07:16:15.606902,0 days 00:05:41.909923,256,256,512,0.1,0.001,8,8,0.01,COMPLETE
163,0.2719956095409393,2026-01-24 07:16:15.607746,2026-01-24 07:21:54.072897,0 days 00:05:38.465151,256,256,512,0.1,0.001,8,8,0.01,COMPLETE
164,0.2712504479885101,2026-01-24 07:21:54.073785,2026-01-24 07:27:32.065990,0 days 00:05:37.992205,256,256,512,0.1,0.001,8,8,0.01,COMPLETE
165,0.27207585375785825,2026-01-24 07:27:32.066986,2026-01-24 07:33:24.614579,0 days 00:05:52.547593,256,256,512,0.1,0.001,8,8,0.0001,COMPLETE
166,0.2749925132036209,2026-01-24 07:33:24.615474,2026-01-24 07:39:06.543862,0 days 00:05:41.928388,256,256,512,0.1,0.001,8,8,0.01,COMPLETE
167,0.30722816727638247,2026-01-24 07:39:06.544748,2026-01-24 07:43:11.231443,0 days 00:04:04.686695,256,256,256,0.1,0.001,4,4,0.0001,COMPLETE
168,0.2732332398700714,2026-01-24 07:43:11.232284,2026-01-24 07:48:44.502653,0 days 00:05:33.270369,256,256,512,0.1,0.001,8,8,0.0001,COMPLETE
169,0.28452651404380797,2026-01-24 07:48:44.503644,2026-01-24 07:54:28.430722,0 days 00:05:43.927078,256,256,512,0.2,0.001,8,8,0.0001,COMPLETE
170,0.2852006499862671,2026-01-24 07:54:28.431586,2026-01-24 07:59:54.864497,0 days 00:05:26.432911,512,256,512,0.1,0.001,8,8,0.0001,COMPLETE
171,0.2744252086687088,2026-01-24 07:59:54.865395,2026-01-24 08:05:46.411768,0 days 00:05:51.546373,256,256,512,0.1,0.001,8,8,0.01,COMPLETE
172,0.2725227843904495,2026-01-24 08:05:46.412694,2026-01-24 08:11:36.137870,0 days 00:05:49.725176,256,256,512,0.1,0.001,8,8,0.01,COMPLETE
173,0.27386816842079165,2026-01-24 08:11:36.138812,2026-01-24 08:17:32.378469,0 days 00:05:56.239657,256,256,512,0.1,0.001,8,8,0.0,COMPLETE
174,0.2724171411037445,2026-01-24 08:17:32.379302,2026-01-24 08:23:12.742968,0 days 00:05:40.363666,256,256,512,0.1,0.001,8,8,0.0001,COMPLETE
175,0.2726254629611969,2026-01-24 08:23:12.743796,2026-01-24 08:28:56.079335,0 days 00:05:43.335539,256,256,512,0.1,0.001,8,8,0.01,COMPLETE
176,0.27464091605186464,2026-01-24 08:28:56.080208,2026-01-24 08:34:40.442733,0 days 00:05:44.362525,256,256,512,0.1,0.001,8,8,0.01,COMPLETE
177,0.27292094687461854,2026-01-24 08:34:40.443619,2026-01-24 08:40:29.211452,0 days 00:05:48.767833,256,256,512,0.1,0.001,8,8,0.01,COMPLETE
178,0.2848210065460205,2026-01-24 08:40:29.212296,2026-01-24 08:46:10.698915,0 days 00:05:41.486619,256,256,512,0.1,0.0005,8,8,0.01,COMPLETE
179,0.3175192329692841,2026-01-24 08:46:10.699793,2026-01-24 08:51:48.026004,0 days 00:05:37.326211,1024,256,512,0.3,0.001,8,8,0.01,COMPLETE
180,0.2851920983505249,2026-01-24 08:51:48.026833,2026-01-24 08:56:56.856684,0 days 00:05:08.829851,256,128,512,0.1,0.001,8,8,0.01,COMPLETE
181,0.2746323335647583,2026-01-24 08:56:56.857509,2026-01-24 09:02:36.204318,0 days 00:05:39.346809,256,256,512,0.1,0.001,8,8,0.01,COMPLETE
182,0.2730994488620758,2026-01-24 09:02:36.205162,2026-01-24 09:08:24.122616,0 days 00:05:47.917454,256,256,512,0.1,0.001,8,8,0.01,COMPLETE
183,0.27167114455223085,2026-01-24 09:08:24.123638,2026-01-24 09:14:00.557101,0 days 00:05:36.433463,256,256,512,0.1,0.001,8,8,0.01,COMPLETE
184,0.2722488138628006,2026-01-24 09:14:00.557967,2026-01-24 09:19:46.909795,0 days 00:05:46.351828,256,256,512,0.1,0.001,8,8,0.01,COMPLETE
185,0.27292365543365477,2026-01-24 09:19:46.910849,2026-01-24 09:25:24.283752,0 days 00:05:37.372903,256,256,512,0.1,0.001,8,8,0.01,COMPLETE
186,0.27284497876644137,2026-01-24 09:25:24.284707,2026-01-24 09:31:18.624799,0 days 00:05:54.340092,256,256,512,0.1,0.001,8,8,0.01,COMPLETE
187,0.27489889580726623,2026-01-24 09:31:18.625677,2026-01-24 09:37:02.116565,0 days 00:05:43.490888,256,256,512,0.1,0.001,8,8,0.01,COMPLETE
188,4879.5689115625,2026-01-24 09:37:02.117426,2026-01-24 09:42:28.587065,0 days 00:05:26.469639,256,256,512,0.1,0.01,8,8,0.0001,COMPLETE
189,0.2728445237445831,2026-01-24 09:42:28.588135,2026-01-24 09:48:11.798203,0 days 00:05:43.210068,256,256,512,0.1,0.001,8,8,0.01,COMPLETE
190,0.2807367563343048,2026-01-24 09:48:11.799077,2026-01-24 09:53:15.308154,0 days 00:05:03.509077,256,256,512,0.1,0.001,4,6,0.01,COMPLETE
191,0.2719018322467804,2026-01-24 09:53:15.309009,2026-01-24 09:58:57.052944,0 days 00:05:41.743935,256,256,512,0.1,0.001,8,8,0.01,COMPLETE
192,0.2715050604200363,2026-01-24 09:58:57.053949,2026-01-24 10:04:24.016297,0 days 00:05:26.962348,256,256,512,0.1,0.001,8,8,0.01,COMPLETE
193,0.2736564860630035,2026-01-24 10:04:24.017220,2026-01-24 10:10:11.773753,0 days 00:05:47.756533,256,256,512,0.1,0.001,8,8,0.01,COMPLETE
194,0.27125197898864745,2026-01-24 10:10:11.774625,2026-01-24 10:16:04.437476,0 days 00:05:52.662851,256,256,512,0.1,0.001,8,8,0.01,COMPLETE
195,0.27192940994739534,2026-01-24 10:16:04.438444,2026-01-24 10:21:39.288057,0 days 00:05:34.849613,256,256,512,0.1,0.001,8,8,0.01,COMPLETE
196,0.2708925384235382,2026-01-24 10:21:39.288945,2026-01-24 10:27:20.484803,0 days 00:05:41.195858,256,256,512,0.1,0.001,8,8,0.01,COMPLETE
197,0.2720045457601547,2026-01-24 10:27:20.485746,2026-01-24 10:33:00.358498,0 days 00:05:39.872752,256,256,512,0.1,0.001,8,8,0.01,COMPLETE
198,0.28078281618118284,2026-01-24 10:33:00.359367,2026-01-24 10:38:35.782509,0 days 00:05:35.423142,256,256,256,0.1,0.001,8,8,0.01,COMPLETE
199,0.27104576424121857,2026-01-24 10:38:35.783403,2026-01-24 10:44:13.372533,0 days 00:05:37.589130,256,256,512,0.1,0.001,8,8,0.01,COMPLETE
200,0.2859988516521454,2026-01-24 10:44:13.373451,2026-01-24 10:48:24.429041,0 days 00:04:11.055590,256,256,512,0.1,0.001,8,4,0.01,COMPLETE
201,0.27219848049640655,2026-01-24 10:48:24.429884,2026-01-24 10:54:07.835106,0 days 00:05:43.405222,256,256,512,0.1,0.001,8,8,0.01,COMPLETE
202,0.2734301609039307,2026-01-24 10:54:07.836039,2026-01-24 10:59:49.588441,0 days 00:05:41.752402,256,256,512,0.1,0.001,8,8,0.01,COMPLETE
203,0.2734351793193817,2026-01-24 10:59:49.589281,2026-01-24 11:05:32.183839,0 days 00:05:42.594558,256,256,512,0.1,0.001,8,8,0.01,COMPLETE
204,0.2738150820159912,2026-01-24 11:05:32.184784,2026-01-24 11:11:12.376866,0 days 00:05:40.192082,256,256,512,0.1,0.001,8,8,0.01,COMPLETE
205,0.2744690534210205,2026-01-24 11:11:12.377774,2026-01-24 11:16:49.757663,0 days 00:05:37.379889,256,256,512,0.1,0.001,8,8,0.01,COMPLETE
206,0.27372334443092344,2026-01-24 11:16:49.758640,2026-01-24 11:22:27.451163,0 days 00:05:37.692523,256,256,512,0.1,0.001,8,8,0.01,COMPLETE
207,0.2745363544225693,2026-01-24 11:22:27.452019,2026-01-24 11:28:17.401749,0 days 00:05:49.949730,256,256,512,0.1,0.001,8,8,0.01,COMPLETE
208,0.2915513315010071,2026-01-24 11:28:17.402678,2026-01-24 11:33:43.810534,0 days 00:05:26.407856,512,256,512,0.2,0.001,8,8,0.01,COMPLETE
209,0.2732827455997467,2026-01-24 11:33:43.811397,2026-01-24 11:39:22.913226,0 days 00:05:39.101829,256,256,512,0.1,0.001,8,8,0.0,COMPLETE
210,0.272304657907486,2026-01-24 11:39:22.914137,2026-01-24 11:45:06.188106,0 days 00:05:43.273969,256,256,512,0.1,0.001,8,8,0.01,COMPLETE
211,0.27263539947986604,2026-01-24 11:45:06.188956,2026-01-24 11:50:50.283354,0 days 00:05:44.094398,256,256,512,0.1,0.001,8,8,0.01,COMPLETE
212,0.27365438423633576,2026-01-24 11:50:50.284218,2026-01-24 11:56:35.528148,0 days 00:05:45.243930,256,256,512,0.1,0.001,8,8,0.01,COMPLETE
213,0.27391376595020295,2026-01-24 11:56:35.528989,2026-01-24 12:02:28.743577,0 days 00:05:53.214588,256,256,512,0.1,0.001,8,8,0.01,COMPLETE
214,0.2750746894931793,2026-01-24 12:02:28.744451,2026-01-24 12:08:19.798816,0 days 00:05:51.054365,256,256,512,0.1,0.001,8,8,0.01,COMPLETE
215,0.27327882590293884,2026-01-24 12:08:19.799697,2026-01-24 12:13:56.276595,0 days 00:05:36.476898,256,256,512,0.1,0.001,8,8,0.01,COMPLETE
216,0.28458584166526796,2026-01-24 12:13:56.277451,2026-01-24 12:19:32.772258,0 days 00:05:36.494807,256,128,512,0.1,0.001,8,8,0.01,COMPLETE
217,0.2841679176521301,2026-01-24 12:19:32.773183,2026-01-24 12:25:17.415192,0 days 00:05:44.642009,256,256,512,0.1,0.0005,8,8,0.01,COMPLETE
218,0.2955131128692627,2026-01-24 12:25:17.416044,2026-01-24 12:31:00.167774,0 days 00:05:42.751730,256,256,512,0.3,0.001,8,8,0.01,COMPLETE
219,0.2981573287773132,2026-01-24 12:31:00.168611,2026-01-24 12:36:37.608487,0 days 00:05:37.439876,1024,256,512,0.1,0.001,8,8,0.01,COMPLETE
220,0.2736353055763245,2026-01-24 12:36:37.609406,2026-01-24 12:42:16.809072,0 days 00:05:39.199666,256,256,512,0.1,0.001,8,8,0.0001,COMPLETE
221,0.2729821641254425,2026-01-24 12:42:16.809932,2026-01-24 12:47:57.504472,0 days 00:05:40.694540,256,256,512,0.1,0.001,8,8,0.01,COMPLETE
222,0.27239209983348844,2026-01-24 12:47:57.505328,2026-01-24 12:53:50.861580,0 days 00:05:53.356252,256,256,512,0.1,0.001,8,8,0.01,COMPLETE
223,0.27330059464454654,2026-01-24 12:53:50.862499,2026-01-24 12:59:37.865384,0 days 00:05:47.002885,256,256,512,0.1,0.001,8,8,0.01,COMPLETE
224,0.27253660880088804,2026-01-24 12:59:37.866286,2026-01-24 13:05:23.131639,0 days 00:05:45.265353,256,256,512,0.1,0.001,8,8,0.01,COMPLETE
225,0.27383913849830627,2026-01-24 13:05:23.132451,2026-01-24 13:11:03.855087,0 days 00:05:40.722636,256,256,512,0.1,0.001,8,8,0.01,COMPLETE
226,0.271712151556015,2026-01-24 13:11:03.855977,2026-01-24 13:16:54.559663,0 days 00:05:50.703686,256,256,512,0.1,0.001,8,8,0.01,COMPLETE
227,0.2735388992500305,2026-01-24 13:16:54.560575,2026-01-24 13:22:29.928616,0 days 00:05:35.368041,256,256,512,0.1,0.001,8,8,0.01,COMPLETE
228,3117.564079453125,2026-01-24 13:22:29.929481,2026-01-24 13:28:03.261898,0 days 00:05:33.332417,256,256,512,0.1,0.01,8,8,0.01,COMPLETE
229,0.27742505652427674,2026-01-24 13:28:03.262771,2026-01-24 13:33:20.876795,0 days 00:05:17.614024,256,256,512,0.1,0.001,4,8,0.01,COMPLETE
230,0.2794219859790802,2026-01-24 13:33:20.877673,2026-01-24 13:39:01.142696,0 days 00:05:40.265023,256,256,256,0.1,0.001,8,8,0.01,COMPLETE
231,0.27304247756958006,2026-01-24 13:39:01.143677,2026-01-24 13:44:35.929679,0 days 00:05:34.786002,256,256,512,0.1,0.001,8,8,0.01,COMPLETE
232,0.27340452263832093,2026-01-24 13:44:35.930570,2026-01-24 13:50:08.923510,0 days 00:05:32.992940,256,256,512,0.1,0.001,8,8,0.01,COMPLETE
233,0.2729630707216263,2026-01-24 13:50:08.924377,2026-01-24 13:55:55.083334,0 days 00:05:46.158957,256,256,512,0.1,0.001,8,8,0.01,COMPLETE
234,0.27477511481285094,2026-01-24 13:55:55.084195,2026-01-24 14:01:34.717075,0 days 00:05:39.632880,256,256,512,0.1,0.001,8,8,0.01,COMPLETE
235,0.28067163422584535,2026-01-24 14:01:34.717969,2026-01-24 14:06:56.445240,0 days 00:05:21.727271,256,256,512,0.1,0.001,8,6,0.01,COMPLETE
236,0.2722504218578339,2026-01-24 14:06:56.446288,2026-01-24 14:12:40.966479,0 days 00:05:44.520191,256,256,512,0.1,0.001,8,8,0.01,COMPLETE
237,0.2742225738430023,2026-01-24 14:12:40.967357,2026-01-24 14:18:17.809813,0 days 00:05:36.842456,256,256,512,0.1,0.001,8,8,0.01,COMPLETE
238,0.2744057833957672,2026-01-24 14:18:17.810793,2026-01-24 14:23:57.642876,0 days 00:05:39.832083,256,256,512,0.1,0.001,8,8,0.01,COMPLETE
239,0.2746470595169067,2026-01-24 14:23:57.643761,2026-01-24 14:29:42.818330,0 days 00:05:45.174569,256,256,512,0.1,0.001,8,8,0.0001,COMPLETE
240,0.28728440194129945,2026-01-24 14:29:42.819256,2026-01-24 14:33:54.193743,0 days 00:04:11.374487,256,256,512,0.1,0.001,8,4,0.01,COMPLETE
241,0.27537896064281464,2026-01-24 14:33:54.194617,2026-01-24 14:39:42.192113,0 days 00:05:47.997496,256,256,512,0.1,0.001,8,8,0.01,COMPLETE
242,0.273711301279068,2026-01-24 14:39:42.192992,2026-01-24 14:45:29.730465,0 days 00:05:47.537473,256,256,512,0.1,0.001,8,8,0.01,COMPLETE
243,0.27708875597953797,2026-01-24 14:45:29.731308,2026-01-24 14:51:24.709458,0 days 00:05:54.978150,256,256,512,0.1,0.001,8,8,0.01,COMPLETE
244,0.2727148069000244,2026-01-24 14:51:24.710321,2026-01-24 14:57:11.421325,0 days 00:05:46.711004,256,256,512,0.1,0.001,8,8,0.01,COMPLETE
245,0.2714911943435669,2026-01-24 14:57:11.422186,2026-01-24 15:02:59.067176,0 days 00:05:47.644990,256,256,512,0.1,0.001,8,8,0.01,COMPLETE
246,0.27259728043556214,2026-01-24 15:02:59.068250,2026-01-24 15:08:50.233377,0 days 00:05:51.165127,256,256,512,0.1,0.001,8,8,0.01,COMPLETE
247,0.2819576216030121,2026-01-24 15:08:50.234491,2026-01-24 15:14:42.792305,0 days 00:05:52.557814,256,256,512,0.2,0.001,8,8,0.0,COMPLETE
248,0.27463077209949494,2026-01-24 15:14:42.793134,2026-01-24 15:20:23.696892,0 days 00:05:40.903758,256,256,512,0.1,0.001,8,8,0.01,COMPLETE
249,0.28488262238502504,2026-01-24 15:20:23.697742,2026-01-24 15:26:10.045267,0 days 00:05:46.347525,256,128,512,0.1,0.001,8,8,0.01,COMPLETE
250,0.281401073884964,2026-01-24 15:26:10.046238,2026-01-24 15:31:37.121687,0 days 00:05:27.075449,512,256,512,0.1,0.001,8,8,0.01,COMPLETE
251,0.27297626014232634,2026-01-24 15:31:37.122601,2026-01-24 15:37:14.914667,0 days 00:05:37.792066,256,256,512,0.1,0.001,8,8,0.01,COMPLETE
252,0.27302782520771024,2026-01-24 15:37:14.915667,2026-01-24 15:43:30.411303,0 days 00:06:15.495636,256,256,512,0.1,0.001,8,8,0.01,COMPLETE
253,0.3304077013778687,2026-01-24 15:43:30.412232,2026-01-24 15:50:02.397509,0 days 00:06:31.985277,1024,256,512,0.1,0.0005,8,8,0.01,COMPLETE
254,0.2999894562149048,2026-01-24 15:50:02.398472,2026-01-24 15:56:43.689466,0 days 00:06:41.290994,256,256,512,0.3,0.001,8,8,0.01,COMPLETE
255,0.2728884000682831,2026-01-24 15:56:43.690558,2026-01-24 16:04:08.150593,0 days 00:07:24.460035,256,256,512,0.1,0.001,8,8,0.01,COMPLETE
256,0.2717086070251465,2026-01-24 16:04:08.151846,2026-01-24 16:10:04.795387,0 days 00:05:56.643541,256,256,512,0.1,0.001,8,8,0.0001,COMPLETE
257,0.2746191121673584,2026-01-24 16:10:04.796719,2026-01-24 16:16:03.696033,0 days 00:05:58.899314,256,256,512,0.1,0.001,8,8,0.0001,COMPLETE
258,0.27539372095108033,2026-01-24 16:16:03.697043,2026-01-24 16:22:06.187348,0 days 00:06:02.490305,256,256,512,0.1,0.001,8,8,0.0001,COMPLETE
259,0.2751823104381561,2026-01-24 16:22:06.188557,2026-01-24 16:28:09.892152,0 days 00:06:03.703595,256,256,512,0.1,0.001,4,8,0.0001,COMPLETE
260,2015.1047512890625,2026-01-24 16:28:09.893078,2026-01-24 16:33:43.638085,0 days 00:05:33.745007,256,256,256,0.1,0.01,8,8,0.0001,COMPLETE
261,0.27371799654006956,2026-01-24 16:33:43.639136,2026-01-24 16:39:32.380197,0 days 00:05:48.741061,256,256,512,0.1,0.001,8,8,0.0001,COMPLETE
262,0.2773452054691315,2026-01-24 16:39:32.381238,2026-01-24 16:44:49.836150,0 days 00:05:17.454912,256,256,512,0.1,0.001,8,6,0.01,COMPLETE
263,0.27322919036865234,2026-01-24 16:44:49.837197,2026-01-24 16:50:51.774683,0 days 00:06:01.937486,256,256,512,0.1,0.001,8,8,0.0001,COMPLETE
264,0.2719616404724121,2026-01-24 16:50:51.775753,2026-01-24 16:56:44.395581,0 days 00:05:52.619828,256,256,512,0.1,0.001,8,8,0.01,COMPLETE
265,0.27152359837055207,2026-01-24 16:56:44.396581,2026-01-24 17:02:30.960621,0 days 00:05:46.564040,256,256,512,0.1,0.001,8,8,0.01,COMPLETE
266,0.27221204143047334,2026-01-24 17:02:30.961600,2026-01-24 17:08:24.131246,0 days 00:05:53.169646,256,256,512,0.1,0.001,8,8,0.01,COMPLETE
267,0.28706082112312314,2026-01-24 17:08:24.132171,2026-01-24 17:12:45.673658,0 days 00:04:21.541487,256,256,512,0.1,0.001,8,4,0.01,COMPLETE
268,0.27404091088294985,2026-01-24 17:12:45.674612,2026-01-24 17:18:33.164603,0 days 00:05:47.489991,256,256,512,0.1,0.001,8,8,0.0,COMPLETE
269,0.2761014695692062,2026-01-24 17:18:33.165534,2026-01-24 17:24:20.932421,0 days 00:05:47.766887,256,256,512,0.1,0.001,8,8,0.01,COMPLETE
270,0.2846683880710602,2026-01-24 17:24:20.933345,2026-01-24 17:29:51.682275,0 days 00:05:30.748930,256,128,512,0.1,0.001,8,8,0.01,COMPLETE
271,0.2803665351390839,2026-01-24 17:29:51.683303,2026-01-24 17:35:19.401241,0 days 00:05:27.717938,512,256,512,0.1,0.001,8,8,0.01,COMPLETE
272,0.28298827981948854,2026-01-24 17:35:19.402153,2026-01-24 17:41:01.732228,0 days 00:05:42.330075,256,256,512,0.2,0.001,8,8,0.01,COMPLETE
273,0.2745145748901367,2026-01-24 17:41:01.733092,2026-01-24 17:46:48.953958,0 days 00:05:47.220866,256,256,512,0.1,0.001,8,8,0.0001,COMPLETE
274,0.2723117577457428,2026-01-24 17:46:48.954844,2026-01-24 17:52:39.621922,0 days 00:05:50.667078,256,256,512,0.1,0.001,8,8,0.01,COMPLETE
275,0.2849984171485901,2026-01-24 17:52:39.622801,2026-01-24 17:58:31.978522,0 days 00:05:52.355721,256,256,512,0.1,0.0005,8,8,0.01,COMPLETE
276,0.30285597846031187,2026-01-24 17:58:31.979407,2026-01-24 18:04:09.333161,0 days 00:05:37.353754,1024,256,512,0.1,0.001,8,8,0.01,COMPLETE
277,0.299431676902771,2026-01-24 18:04:09.334082,2026-01-24 18:10:08.790489,0 days 00:05:59.456407,256,256,512,0.3,0.001,8,8,0.001,COMPLETE
278,0.27669983615875243,2026-01-24 18:10:08.791372,2026-01-24 18:16:04.258779,0 days 00:05:55.467407,256,256,512,0.1,0.001,4,8,0.01,COMPLETE
279,0.281716275100708,2026-01-24 18:16:04.259673,2026-01-24 18:21:42.645307,0 days 00:05:38.385634,256,256,256,0.1,0.001,8,8,0.01,COMPLETE
280,0.2740243415927887,2026-01-24 18:21:42.646171,2026-01-24 18:27:28.321732,0 days 00:05:45.675561,256,256,512,0.1,0.001,8,8,0.01,COMPLETE
281,0.2738313288831711,2026-01-24 18:27:28.322676,2026-01-24 18:33:14.404676,0 days 00:05:46.082000,256,256,512,0.1,0.001,8,8,0.01,COMPLETE
282,0.27618791016578675,2026-01-24 18:33:14.405517,2026-01-24 18:39:03.159364,0 days 00:05:48.753847,256,256,512,0.1,0.001,8,8,0.01,COMPLETE
283,0.273642475028038,2026-01-24 18:39:03.160207,2026-01-24 18:44:50.021957,0 days 00:05:46.861750,256,256,512,0.1,0.001,8,8,0.01,COMPLETE
284,8602.8142284375,2026-01-24 18:44:50.022859,2026-01-24 18:50:24.076958,0 days 00:05:34.054099,256,256,512,0.1,0.01,8,8,0.0001,COMPLETE
285,0.2742221365451813,2026-01-24 18:50:24.077955,2026-01-24 18:56:03.638218,0 days 00:05:39.560263,256,256,512,0.1,0.001,8,8,0.001,COMPLETE
286,0.2762491023397446,2026-01-24 18:56:03.639268,2026-01-24 19:01:18.785892,0 days 00:05:15.146624,256,256,512,0.1,0.001,8,6,0.01,COMPLETE
287,0.272623086848259,2026-01-24 19:01:18.786886,2026-01-24 19:07:08.688588,0 days 00:05:49.901702,256,256,512,0.1,0.001,8,8,0.01,COMPLETE
288,0.28488971935272217,2026-01-24 19:07:08.689490,2026-01-24 19:12:49.675662,0 days 00:05:40.986172,256,128,512,0.1,0.001,8,8,0.01,COMPLETE
289,0.2896823097419739,2026-01-24 19:12:49.676674,2026-01-24 19:17:13.436173,0 days 00:04:23.759499,256,256,512,0.1,0.001,8,4,0.01,COMPLETE
290,0.2715924713039398,2026-01-24 19:17:13.437161,2026-01-24 19:23:02.821438,0 days 00:05:49.384277,256,256,512,0.1,0.001,8,8,0.01,COMPLETE
291,0.27371224835395813,2026-01-24 19:23:02.822427,2026-01-24 19:28:55.357780,0 days 00:05:52.535353,256,256,512,0.1,0.001,8,8,0.01,COMPLETE
292,0.27262780900001526,2026-01-24 19:28:55.358628,2026-01-24 19:34:35.520303,0 days 00:05:40.161675,256,256,512,0.1,0.001,8,8,0.0,COMPLETE
293,0.2742113167715073,2026-01-24 19:34:35.521208,2026-01-24 19:40:28.545301,0 days 00:05:53.024093,256,256,512,0.1,0.001,8,8,0.01,COMPLETE
294,0.292944899559021,2026-01-24 19:40:28.546217,2026-01-24 19:45:56.057189,0 days 00:05:27.510972,512,256,512,0.2,0.001,8,8,0.001,COMPLETE
295,0.2713313599920273,2026-01-24 19:45:56.058033,2026-01-24 19:51:47.491915,0 days 00:05:51.433882,256,256,512,0.1,0.001,8,8,0.0001,COMPLETE
296,0.27338774787425996,2026-01-24 19:51:47.492888,2026-01-24 19:57:37.297402,0 days 00:05:49.804514,256,256,512,0.1,0.001,8,8,0.0001,COMPLETE
297,0.2770238041114807,2026-01-24 19:57:37.298288,2026-01-24 20:03:27.750217,0 days 00:05:50.451929,256,256,512,0.1,0.001,8,8,0.0001,COMPLETE
298,0.2767564923667908,2026-01-24 20:03:27.751139,2026-01-24 20:09:09.768354,0 days 00:05:42.017215,256,256,512,0.1,0.001,4,8,0.0001,COMPLETE
299,0.28234894748687744,2026-01-24 20:09:09.769250,2026-01-24 20:15:00.811726,0 days 00:05:51.042476,256,256,512,0.1,0.0005,8,8,0.0001,COMPLETE
300,0.32899690076828003,2026-01-24 20:15:00.812621,2026-01-24 20:20:20.472567,0 days 00:05:19.659946,1024,256,256,0.3,0.001,8,8,0.0001,COMPLETE
301,0.2723700411224365,2026-01-24 20:20:20.473485,2026-01-24 20:26:07.453670,0 days 00:05:46.980185,256,256,512,0.1,0.001,8,8,0.0001,COMPLETE
302,0.2722543982744217,2026-01-24 20:26:07.454600,2026-01-24 20:31:56.395725,0 days 00:05:48.941125,256,256,512,0.1,0.001,8,8,0.01,COMPLETE
303,0.27349059014320376,2026-01-24 20:31:56.396635,2026-01-24 20:37:49.151010,0 days 00:05:52.754375,256,256,512,0.1,0.001,8,8,0.001,COMPLETE
304,0.27515877831459046,2026-01-24 20:37:49.152165,2026-01-24 20:43:36.204440,0 days 00:05:47.052275,256,256,512,0.1,0.001,8,8,0.0001,COMPLETE
305,0.27291701478481295,2026-01-24 20:43:36.205339,2026-01-24 20:49:23.947819,0 days 00:05:47.742480,256,256,512,0.1,0.001,8,8,0.01,COMPLETE
306,8661.609895,2026-01-24 20:49:23.948707,2026-01-24 20:55:04.543149,0 days 00:05:40.594442,256,256,512,0.1,0.01,8,8,0.01,COMPLETE
307,0.2762741652202606,2026-01-24 20:55:04.544307,2026-01-24 21:00:44.421045,0 days 00:05:39.876738,256,256,512,0.1,0.001,8,8,0.01,COMPLETE
308,0.2921031946468353,2026-01-24 21:00:44.422023,2026-01-24 21:06:01.873374,0 days 00:05:17.451351,256,128,512,0.1,0.001,8,6,0.01,COMPLETE
309,0.2738230117416382,2026-01-24 21:06:01.874316,2026-01-24 21:11:34.703910,0 days 00:05:32.829594,256,256,512,0.1,0.001,8,8,0.01,COMPLETE
310,0.27328477358818054,2026-01-24 21:11:34.704809,2026-01-24 21:17:22.761330,0 days 00:05:48.056521,256,256,512,0.1,0.001,8,8,0.01,COMPLETE
311,0.2741163113451004,2026-01-24 21:17:22.762237,2026-01-24 21:23:13.795786,0 days 00:05:51.033549,256,256,512,0.1,0.001,8,8,0.0001,COMPLETE
312,0.2745457577228546,2026-01-24 21:23:13.796685,2026-01-24 21:30:21.232021,0 days 00:07:07.435336,256,256,512,0.1,0.001,8,8,0.01,COMPLETE
313,0.2723789304494858,2026-01-24 21:30:21.233057,2026-01-24 21:36:12.767884,0 days 00:05:51.534827,256,256,512,0.1,0.001,8,8,0.001,COMPLETE
314,0.29167887656211855,2026-01-24 21:36:12.768768,2026-01-24 21:40:46.411971,0 days 00:04:33.643203,256,256,512,0.1,0.001,8,4,0.01,COMPLETE
315,0.2727214942264557,2026-01-24 21:40:46.412835,2026-01-24 21:46:39.265333,0 days 00:05:52.852498,256,256,512,0.1,0.001,8,8,0.01,COMPLETE
316,0.28367615604400637,2026-01-24 21:46:39.266258,2026-01-24 21:52:32.876476,0 days 00:05:53.610218,256,256,512,0.2,0.001,8,8,0.01,COMPLETE
317,0.2870625750350952,2026-01-24 21:52:32.877350,2026-01-24 21:57:57.060428,0 days 00:05:24.183078,512,256,512,0.1,0.001,4,8,0.0,COMPLETE
318,0.2824256398677826,2026-01-24 21:57:57.061310,2026-01-24 22:03:51.691624,0 days 00:05:54.630314,256,256,256,0.1,0.001,8,8,0.01,COMPLETE
319,0.27367513971328733,2026-01-24 22:03:51.693300,2026-01-24 22:10:30.129650,0 days 00:06:38.436350,256,256,512,0.1,0.001,8,8,0.0001,COMPLETE
320,0.2718217232656479,2026-01-24 22:10:30.130736,2026-01-24 22:16:18.263652,0 days 00:05:48.132916,256,256,512,0.1,0.001,8,8,0.01,COMPLETE
321,0.2749041275072098,2026-01-24 22:16:18.264642,2026-01-24 22:22:08.781427,0 days 00:05:50.516785,256,256,512,0.1,0.001,8,8,0.01,COMPLETE
322,0.2724046608114243,2026-01-24 22:22:08.782296,2026-01-24 22:27:59.383457,0 days 00:05:50.601161,256,256,512,0.1,0.001,8,8,0.01,COMPLETE
323,,2026-01-24 22:27:59.384716,2026-01-24 22:29:31.656911,0 days 00:01:32.272195,1024,256,512,0.1,0.0005,8,8,0.01,FAIL
